Sd [m], Sa [g]
0.019126, 0.102116
0.032046, 0.117404
0.082583, 0.127645
0.123760, 0.058702
