Sd [m], Sa [g]
0.018735, 0.208888
0.046331, 0.241884
0.155957, 0.261109
0.408556, 0.129549
