Sd [m], Sa [g]
0.034592, 0.326736
0.050694, 0.386313
0.080371, 0.408420
0.139150, 0.193157
