Sd [m], Sa [g]
0.013638, 0.184606
0.025533, 0.210691
0.076525, 0.230758
0.139024, 0.105345
