Sd [m], Sa [g]
0.003093, 0.332303
0.009126, 0.414695
0.049855, 0.236842
0.078342, 0.207348
