Sd [m], Sa [g]
0.030183, 0.061727
0.071017, 0.072076
0.148203, 0.077159
0.257348, 0.036038
