Sd [m], Sa [g]
0.006212, 0.389066
0.020034, 0.492527
0.046443, 0.377685
0.093998, 0.246264
