Sd [m], Sa [g]
0.015428, 0.287868
0.041211, 0.365606
0.076468, 0.309226
0.151298, 0.182803
