Sd [m], Sa [g]
0.011127, 0.282940
0.025860, 0.353675
0.074473, 0.251247
0.243148, 0.176838
