Sd [m], Sa [g]
0.003093, 0.331399
0.009124, 0.413874
0.049222, 0.237293
0.078574, 0.206937
