Sd [m], Sa [g]
0.005997, 1.600080
0.015270, 2.000268
0.035219, 1.550342
0.157935, 1.394827
