Sd [m], Sa [g]
0.023416, 0.131190
0.077061, 0.153349
0.194027, 0.163987
0.492665, 0.076674
