Sd [m], Sa [g]
0.039404, 0.198726
0.065139, 0.232593
0.144641, 0.248408
0.236224, 0.116296
