Sd [m], Sa [g]
0.015196, 0.109721
0.036724, 0.141643
0.065573, 0.112901
0.092563, 0.070821
