Sd [m], Sa [g]
0.005653, 0.106567
0.021726, 0.135641
0.051982, 0.105749
0.082842, 0.067821
