Sd [m], Sa [g]
0.032121, 0.454784
0.076478, 0.528179
0.275491, 0.568480
0.639991, 0.367877
