Sd [m], Sa [g]
0.023670, 0.133774
0.074613, 0.156076
0.190844, 0.167217
0.489807, 0.078038
