Sd [m], Sa [g]
0.027989, 0.445308
0.075176, 0.557829
0.164771, 0.522300
0.635420, 0.426844
