Sd [m], Sa [g]
0.038295, 0.250285
0.062814, 0.293700
0.128025, 0.312856
0.207195, 0.146850
