Sd [m], Sa [g]
0.007063, 0.291172
0.015837, 0.328692
0.077767, 0.363965
0.152133, 0.164346
