Sd [m], Sa [g]
0.034823, 0.124607
0.047356, 0.145757
0.085935, 0.155759
0.121383, 0.072878
