Sd [m], Sa [g]
0.011973, 0.114517
0.030002, 0.147125
0.057010, 0.119465
0.087382, 0.073563
