Sd [m], Sa [g]
0.028834, 0.114092
0.042335, 0.131949
0.092348, 0.142615
0.133434, 0.065974
