Sd [m], Sa [g]
0.007501, 0.362339
0.013839, 0.409467
0.068160, 0.452924
0.134391, 0.204733
