Sd [m], Sa [g]
0.027711, 0.399776
0.059579, 0.464497
0.215047, 0.499720
0.527764, 0.308184
