Sd [m], Sa [g]
0.011592, 0.408439
0.028290, 0.516235
0.054756, 0.433151
0.115780, 0.258118
