Sd [m], Sa [g]
0.012223, 0.330433
0.026046, 0.378275
0.119090, 0.413041
0.281872, 0.241740
