Sd [m], Sa [g]
0.012602, 0.284489
0.018291, 0.340410
0.031632, 0.355612
0.101075, 0.170205
