Sd [m], Sa [g]
0.003353, 0.419039
0.010587, 0.523887
0.042669, 0.336904
0.090214, 0.261943
