Sd [m], Sa [g]
0.013631, 0.447535
0.025333, 0.515657
0.106988, 0.559419
0.281954, 0.324420
