Sd [m], Sa [g]
0.041031, 0.237384
0.089079, 0.274315
0.311113, 0.296731
0.764183, 0.174207
