Sd [m], Sa [g]
0.004479, 0.219198
0.017819, 0.275328
0.049891, 0.196986
0.081548, 0.137664
