Sd [m], Sa [g]
0.023794, 0.069696
0.053289, 0.080526
0.124449, 0.087120
0.213933, 0.040263
