Sd [m], Sa [g]
0.010483, 0.303337
0.030307, 0.385831
0.062708, 0.316832
0.129556, 0.192915
