Sd [m], Sa [g]
0.007705, 0.213371
0.020670, 0.269409
0.047809, 0.220467
0.094757, 0.134704
