Sd [m], Sa [g]
0.006017, 1.608013
0.015280, 2.010064
0.035423, 1.563334
0.157935, 1.404843
