Sd [m], Sa [g]
0.011222, 0.360568
0.029959, 0.459981
0.061166, 0.373710
0.125535, 0.229990
