Sd [m], Sa [g]
0.006763, 0.281033
0.014958, 0.315852
0.079138, 0.351292
0.151138, 0.157926
