Sd [m], Sa [g]
0.016399, 0.260116
0.022921, 0.306893
0.047757, 0.325145
0.118217, 0.153446
