Sd [m], Sa [g]
0.007014, 0.286908
0.016083, 0.323524
0.080537, 0.358635
0.153544, 0.161762
