Sd [m], Sa [g]
0.007697, 0.377302
0.014194, 0.429192
0.066620, 0.471628
0.133118, 0.214596
