Sd [m], Sa [g]
0.033821, 0.085411
0.062737, 0.098853
0.132880, 0.106764
0.255743, 0.049427
