Sd [m], Sa [g]
0.007989, 0.401727
0.014273, 0.460366
0.062161, 0.502159
0.130102, 0.230183
