Sd [m], Sa [g]
0.041309, 0.140277
0.070793, 0.163857
0.162444, 0.175346
0.286545, 0.081928
