Sd [m], Sa [g]
0.013082, 0.140715
0.024567, 0.160587
0.079001, 0.175893
0.133658, 0.080294
