Sd [m], Sa [g]
0.036427, 0.061861
0.092481, 0.072679
0.169873, 0.077326
0.344008, 0.036340
