Sd [m], Sa [g]
0.006993, 0.285110
0.016247, 0.321333
0.082454, 0.356388
0.154593, 0.160666
