Sd [m], Sa [g]
0.033483, 0.164222
0.078548, 0.189181
0.239033, 0.205277
0.619993, 0.094590
