Sd [m], Sa [g]
0.021278, 0.129299
0.050218, 0.161624
0.148116, 0.121623
0.382607, 0.080812
