Sd [m], Sa [g]
0.013982, 0.194112
0.033701, 0.242640
0.094625, 0.179470
0.285280, 0.121320
