Sd [m], Sa [g]
0.034082, 0.238579
0.074423, 0.275884
0.258773, 0.298224
0.653605, 0.166455
