Sd [m], Sa [g]
0.011141, 0.283389
0.025904, 0.354236
0.074508, 0.251780
0.244371, 0.177118
