Sd [m], Sa [g]
0.019035, 0.276387
0.033204, 0.324476
0.082048, 0.345484
0.197178, 0.162238
