Sd [m], Sa [g]
0.029152, 0.127853
0.039500, 0.151891
0.062926, 0.159816
0.101787, 0.075946
