Sd [m], Sa [g]
0.031904, 0.068692
0.064488, 0.079334
0.142690, 0.085865
0.229988, 0.039667
