Sd [m], Sa [g]
0.018001, 0.088299
0.058563, 0.119457
0.100334, 0.104212
0.148273, 0.059728
