Sd [m], Sa [g]
0.021085, 0.151306
0.036298, 0.175045
0.086278, 0.189133
0.164053, 0.087522
