Sd [m], Sa [g]
0.003355, 0.418813
0.010653, 0.523414
0.042436, 0.342605
0.092290, 0.261707
