Sd [m], Sa [g]
0.012151, 0.135998
0.022775, 0.154887
0.075246, 0.169997
0.129093, 0.077443
