Sd [m], Sa [g]
0.008204, 0.529856
0.018301, 0.662320
0.054363, 0.451993
0.199876, 0.331160
