Sd [m], Sa [g]
0.003436, 0.426779
0.011317, 0.533474
0.042973, 0.348720
0.092275, 0.266737
