Sd [m], Sa [g]
0.009131, 0.223409
0.030014, 0.285859
0.059842, 0.232953
0.111310, 0.142930
