Sd [m], Sa [g]
0.009182, 0.638089
0.021278, 0.797401
0.057922, 0.595981
0.243416, 0.428952
