Sd [m], Sa [g]
0.003348, 0.419267
0.010556, 0.523854
0.043132, 0.336494
0.090573, 0.261927
