Sd [m], Sa [g]
0.035849, 0.097071
0.097310, 0.111638
0.243749, 0.121339
0.623657, 0.055819
