Sd [m], Sa [g]
0.024205, 0.473408
0.060668, 0.591761
0.140081, 0.544301
0.538687, 0.444082
