Sd [m], Sa [g]
0.019814, 0.344962
0.047114, 0.441984
0.076863, 0.384585
0.142145, 0.220992
