Sd [m], Sa [g]
0.014436, 0.150368
0.029129, 0.194072
0.060558, 0.154593
0.091557, 0.097036
