Sd [m], Sa [g]
0.019395, 0.113597
0.047770, 0.141997
0.149431, 0.103543
0.393423, 0.070998
