Sd [m], Sa [g]
0.033079, 0.386012
0.075264, 0.448238
0.267918, 0.482515
0.647228, 0.300944
