Sd [m], Sa [g]
0.013360, 0.350170
0.022093, 0.414280
0.046907, 0.437712
0.135419, 0.207140
