Sd [m], Sa [g]
0.025583, 0.089445
0.054477, 0.103865
0.117392, 0.111806
0.236479, 0.051932
