Sd [m], Sa [g]
0.021306, 0.488938
0.042788, 0.568075
0.162907, 0.611172
0.403516, 0.378426
