Sd [m], Sa [g]
0.010252, 0.111283
0.041477, 0.142322
0.077220, 0.114030
0.113587, 0.071161
