Sd [m], Sa [g]
0.004853, 0.241716
0.019264, 0.308055
0.049191, 0.233162
0.084312, 0.154028
