Sd [m], Sa [g]
0.023808, 0.201963
0.059752, 0.257332
0.105523, 0.219699
0.175852, 0.128666
