Sd [m], Sa [g]
0.027127, 0.474599
0.058550, 0.551425
0.217194, 0.593249
0.524576, 0.374674
