Sd [m], Sa [g]
0.024343, 0.413660
0.057779, 0.517075
0.140879, 0.465655
0.543775, 0.370497
