Sd [m], Sa [g]
0.026432, 0.208185
0.045672, 0.244203
0.110355, 0.260231
0.235167, 0.122101
