Sd [m], Sa [g]
0.026219, 0.175471
0.064206, 0.202873
0.189118, 0.219339
0.510940, 0.101436
