Sd [m], Sa [g]
0.019028, 0.212433
0.050528, 0.270657
0.089982, 0.232829
0.160450, 0.135329
