Sd [m], Sa [g]
0.009425, 0.167706
0.022288, 0.216245
0.051777, 0.175948
0.087846, 0.108123
