Sd [m], Sa [g]
0.008369, 0.442894
0.014266, 0.512289
0.054191, 0.553617
0.123747, 0.256144
