Sd [m], Sa [g]
0.031240, 0.072742
0.071623, 0.084915
0.141763, 0.090927
0.294764, 0.042458
