Sd [m], Sa [g]
0.012744, 0.424472
0.022077, 0.501454
0.051176, 0.530589
0.151225, 0.250727
