Sd [m], Sa [g]
0.005997, 1.599780
0.015282, 1.999894
0.035219, 1.549780
0.157935, 1.394330
