Sd [m], Sa [g]
0.026821, 0.095448
0.041428, 0.110601
0.093772, 0.119310
0.128900, 0.055300
