Sd [m], Sa [g]
0.020193, 0.259259
0.042866, 0.299218
0.152061, 0.324073
0.408691, 0.168743
