Sd [m], Sa [g]
0.004484, 0.219217
0.017880, 0.275353
0.049963, 0.196927
0.081548, 0.137676
