Sd [m], Sa [g]
0.017355, 0.151591
0.041567, 0.189298
0.116777, 0.142736
0.328037, 0.094649
