Sd [m], Sa [g]
0.007500, 0.362273
0.013770, 0.409311
0.068114, 0.452842
0.134288, 0.204655
