Sd [m], Sa [g]
0.007607, 0.161847
0.028690, 0.207395
0.056370, 0.168612
0.093705, 0.103697
