Sd [m], Sa [g]
0.016772, 0.076254
0.056034, 0.101466
0.103312, 0.089019
0.169352, 0.050733
