Sd [m], Sa [g]
0.019731, 0.445637
0.046463, 0.557046
0.114933, 0.486401
0.445116, 0.388041
