Sd [m], Sa [g]
0.028122, 0.176329
0.037135, 0.205847
0.074446, 0.220411
0.113500, 0.102923
