Sd [m], Sa [g]
0.018601, 0.192751
0.026182, 0.227851
0.049341, 0.240939
0.111941, 0.113925
