Sd [m], Sa [g]
0.024555, 0.179669
0.033290, 0.214013
0.054550, 0.224586
0.105948, 0.107006
