Sd [m], Sa [g]
0.011652, 0.075343
0.043510, 0.096379
0.085188, 0.076909
0.120072, 0.048189
