Sd [m], Sa [g]
0.006009, 1.602478
0.015280, 2.003191
0.035417, 1.555349
0.157935, 1.398590
