Sd [m], Sa [g]
0.036493, 0.440487
0.098590, 0.511184
0.340340, 0.550608
0.751366, 0.374651
