Sd [m], Sa [g]
0.033005, 0.104307
0.046982, 0.122326
0.086442, 0.130384
0.120926, 0.061163
