Sd [m], Sa [g]
0.003533, 0.152592
0.014160, 0.191412
0.051346, 0.136519
0.084520, 0.095706
