Sd [m], Sa [g]
0.027745, 0.320930
0.059301, 0.372311
0.211164, 0.401163
0.530934, 0.235021
