Sd [m], Sa [g]
0.019921, 0.306478
0.048611, 0.392231
0.080209, 0.341607
0.150276, 0.196116
