Sd [m], Sa [g]
0.004573, 0.211806
0.017475, 0.270126
0.048244, 0.205190
0.087406, 0.135063
