Sd [m], Sa [g]
0.008534, 0.093343
0.030289, 0.119764
0.060560, 0.097057
0.087211, 0.059882
