Sd [m], Sa [g]
0.006026, 1.620017
0.015403, 2.025720
0.035207, 1.580507
0.157944, 1.418574
