Sd [m], Sa [g]
0.014064, 0.515296
0.025999, 0.595838
0.107400, 0.644120
0.281328, 0.380372
