Sd [m], Sa [g]
0.025403, 0.077388
0.050095, 0.088810
0.120263, 0.096735
0.193999, 0.044405
