Sd [m], Sa [g]
0.015694, 0.093340
0.044104, 0.122265
0.071625, 0.101588
0.098170, 0.061132
