Sd [m], Sa [g]
0.003662, 0.154985
0.013973, 0.194066
0.049561, 0.134864
0.080140, 0.097033
