Sd [m], Sa [g]
0.008042, 1.114886
0.015649, 1.288069
0.068610, 1.393608
0.160963, 1.027950
