Sd [m], Sa [g]
0.024077, 0.386095
0.041523, 0.454932
0.097708, 0.482618
0.215098, 0.227466
