Sd [m], Sa [g]
0.011923, 0.093974
0.034229, 0.120940
0.061132, 0.099070
0.087991, 0.060470
