Sd [m], Sa [g]
0.005574, 0.220873
0.014907, 0.249474
0.079803, 0.276091
0.147807, 0.124737
