Sd [m], Sa [g]
0.008049, 1.131929
0.015635, 1.308531
0.068265, 1.414911
0.160798, 1.040545
