Sd [m], Sa [g]
0.034475, 0.141119
0.059772, 0.164660
0.136707, 0.176399
0.262443, 0.082330
