Sd [m], Sa [g]
0.016074, 0.391895
0.039617, 0.500314
0.073302, 0.431745
0.156432, 0.250157
