Sd [m], Sa [g]
0.022143, 0.158491
0.030127, 0.186051
0.058473, 0.198114
0.104392, 0.093026
