Sd [m], Sa [g]
0.006979, 0.152441
0.024272, 0.194634
0.049977, 0.158011
0.088727, 0.097317
