Sd [m], Sa [g]
0.014457, 0.177201
0.023769, 0.206384
0.060434, 0.221502
0.114471, 0.103192
