Sd [m], Sa [g]
0.003831, 0.158037
0.015035, 0.198515
0.052988, 0.137676
0.082922, 0.099258
