Sd [m], Sa [g]
0.039829, 0.106369
0.058574, 0.124201
0.115648, 0.132961
0.158189, 0.062101
