Sd [m], Sa [g]
0.041144, 0.081232
0.079157, 0.094623
0.160837, 0.101539
0.310470, 0.047311
