Sd [m], Sa [g]
0.011212, 0.083347
0.034367, 0.108201
0.063267, 0.086978
0.087986, 0.054101
