Sd [m], Sa [g]
0.028773, 0.388430
0.070846, 0.485537
0.161656, 0.445906
0.640342, 0.359426
