Sd [m], Sa [g]
0.007843, 0.081551
0.037743, 0.103305
0.081784, 0.077374
0.115574, 0.051653
