Sd [m], Sa [g]
0.005590, 0.102722
0.023846, 0.130959
0.057288, 0.100527
0.089835, 0.065480
