Sd [m], Sa [g]
0.005262, 0.099839
0.024719, 0.125619
0.063773, 0.093696
0.096126, 0.062810
