Sd [m], Sa [g]
0.012561, 0.349584
0.026090, 0.401195
0.115677, 0.436980
0.281158, 0.254431
