Sd [m], Sa [g]
0.011605, 0.300733
0.026900, 0.375917
0.075613, 0.276857
0.262975, 0.187958
