Sd [m], Sa [g]
0.038810, 0.063906
0.082185, 0.073959
0.180993, 0.079882
0.297617, 0.036980
