Sd [m], Sa [g]
0.028122, 0.142733
0.047210, 0.165886
0.111308, 0.178416
0.217601, 0.082943
