Sd [m], Sa [g]
0.012674, 0.351859
0.029625, 0.439824
0.079467, 0.343170
0.312782, 0.219912
