Sd [m], Sa [g]
0.016599, 0.142395
0.041027, 0.177994
0.114286, 0.131999
0.330254, 0.088997
