Sd [m], Sa [g]
0.029601, 0.108719
0.091885, 0.126474
0.215095, 0.135899
0.550208, 0.063237
