Sd [m], Sa [g]
0.020473, 0.186900
0.027898, 0.219756
0.058474, 0.233625
0.105657, 0.109878
