Sd [m], Sa [g]
0.008406, 0.551025
0.019187, 0.688781
0.054523, 0.481919
0.213477, 0.344391
