Sd [m], Sa [g]
0.017350, 0.225758
0.024237, 0.266736
0.046653, 0.282198
0.114411, 0.133368
