Sd [m], Sa [g]
0.028928, 0.329828
0.067372, 0.412285
0.165591, 0.369821
0.646886, 0.287133
