Sd [m], Sa [g]
0.026613, 0.203577
0.035008, 0.237519
0.076381, 0.254472
0.120236, 0.118760
