Sd [m], Sa [g]
0.012147, 0.327485
0.025712, 0.374507
0.119283, 0.409356
0.281805, 0.238608
