Sd [m], Sa [g]
0.021216, 0.407073
0.042492, 0.472010
0.160579, 0.508841
0.405688, 0.301070
