Sd [m], Sa [g]
0.003202, 0.339690
0.009738, 0.423037
0.049054, 0.253581
0.085175, 0.211518
