Sd [m], Sa [g]
0.019260, 0.215632
0.026575, 0.253587
0.058939, 0.269541
0.110576, 0.126794
