Sd [m], Sa [g]
0.033763, 0.082633
0.121930, 0.096206
0.257049, 0.103291
0.643422, 0.048103
