Sd [m], Sa [g]
0.013903, 0.191381
0.025258, 0.218623
0.074223, 0.239226
0.133522, 0.109312
