Sd [m], Sa [g]
0.008502, 0.085943
0.035135, 0.109146
0.071131, 0.089069
0.102388, 0.054573
