Sd [m], Sa [g]
0.008039, 1.119377
0.015698, 1.294038
0.068382, 1.399221
0.160815, 1.031241
