Sd [m], Sa [g]
0.024778, 0.134505
0.033889, 0.156706
0.067495, 0.168131
0.105311, 0.078353
