Sd [m], Sa [g]
0.036717, 0.289517
0.057309, 0.340915
0.102419, 0.361896
0.170284, 0.170458
