Sd [m], Sa [g]
0.009621, 0.705825
0.022498, 0.882282
0.058637, 0.680034
0.244606, 0.516185
