Sd [m], Sa [g]
0.002948, 0.290325
0.009014, 0.362367
0.057397, 0.201953
0.078090, 0.181183
