Sd [m], Sa [g]
0.007503, 0.362471
0.013879, 0.409728
0.068154, 0.453089
0.134376, 0.204864
