Sd [m], Sa [g]
0.004791, 0.268277
0.016004, 0.348020
0.042452, 0.283522
0.089288, 0.174010
