Sd [m], Sa [g]
0.033876, 0.313767
0.074845, 0.364023
0.261251, 0.392209
0.650868, 0.236548
