Sd [m], Sa [g]
0.008033, 1.111804
0.015606, 1.284296
0.068586, 1.389755
0.160969, 1.025128
