Sd [m], Sa [g]
0.013329, 0.090739
0.050176, 0.118014
0.090367, 0.098045
0.136955, 0.059007
