Sd [m], Sa [g]
0.013131, 0.390350
0.025793, 0.449411
0.109549, 0.487938
0.281836, 0.281584
