Sd [m], Sa [g]
0.015924, 0.344437
0.041072, 0.435521
0.076261, 0.370624
0.154089, 0.217761
