Sd [m], Sa [g]
0.024573, 0.329950
0.041871, 0.388094
0.100319, 0.412437
0.216058, 0.194047
