Sd [m], Sa [g]
0.029917, 0.357632
0.050215, 0.421190
0.098522, 0.447040
0.183600, 0.210595
