Sd [m], Sa [g]
0.032984, 0.203237
0.056027, 0.238139
0.132136, 0.254047
0.255735, 0.119069
