Sd [m], Sa [g]
0.004163, 0.178904
0.017447, 0.229012
0.049240, 0.172031
0.086278, 0.114506
