Sd [m], Sa [g]
0.031647, 0.141078
0.041020, 0.164665
0.075899, 0.176348
0.109658, 0.082332
