Sd [m], Sa [g]
0.027082, 0.150690
0.036420, 0.179487
0.058185, 0.188362
0.102718, 0.089744
