Sd [m], Sa [g]
0.020008, 0.514732
0.048863, 0.643415
0.115251, 0.575951
0.441855, 0.465404
