Sd [m], Sa [g]
0.019986, 0.267097
0.049476, 0.339140
0.086256, 0.294361
0.156951, 0.169570
