Sd [m], Sa [g]
0.013856, 0.191494
0.033737, 0.239367
0.095414, 0.176006
0.287893, 0.119684
