Sd [m], Sa [g]
0.012447, 0.162589
0.026595, 0.208675
0.056382, 0.165757
0.091571, 0.104338
