Sd [m], Sa [g]
0.009019, 0.120809
0.026561, 0.156844
0.053128, 0.127935
0.084185, 0.078422
