Sd [m], Sa [g]
0.023028, 0.277426
0.053371, 0.346783
0.142985, 0.296249
0.552117, 0.200147
