Sd [m], Sa [g]
0.012147, 0.327482
0.025712, 0.374504
0.119282, 0.409353
0.281805, 0.238607
