Sd [m], Sa [g]
0.028367, 0.262891
0.064275, 0.328614
0.170612, 0.286433
0.645816, 0.202039
