Sd [m], Sa [g]
0.013196, 0.251035
0.019781, 0.298586
0.037357, 0.313793
0.101340, 0.149293
