Sd [m], Sa [g]
0.008032, 1.111397
0.015588, 1.283698
0.068593, 1.389246
0.160970, 1.024721
