Sd [m], Sa [g]
0.003695, 0.156240
0.013876, 0.196141
0.050685, 0.134924
0.080127, 0.098070
