Sd [m], Sa [g]
0.008228, 0.531658
0.018425, 0.664573
0.054189, 0.454729
0.203786, 0.332286
