Sd [m], Sa [g]
0.007378, 0.183633
0.022527, 0.232213
0.049733, 0.187843
0.091399, 0.116107
