Sd [m], Sa [g]
0.024578, 0.247887
0.058436, 0.314567
0.099242, 0.269229
0.163892, 0.157283
