Sd [m], Sa [g]
0.032849, 0.091495
0.048291, 0.105475
0.099631, 0.114369
0.124834, 0.052738
