Sd [m], Sa [g]
0.014411, 0.224352
0.041995, 0.286354
0.079583, 0.240643
0.147727, 0.143177
