Sd [m], Sa [g]
0.019052, 0.373150
0.044332, 0.466437
0.116685, 0.394778
0.449678, 0.295737
