Sd [m], Sa [g]
0.024133, 0.348433
0.055347, 0.435542
0.144467, 0.380623
0.549732, 0.296247
