Sd [m], Sa [g]
0.007178, 0.144556
0.029621, 0.182073
0.060501, 0.139071
0.091888, 0.091036
