Sd [m], Sa [g]
0.008204, 0.529856
0.018301, 0.662320
0.054363, 0.451997
0.199878, 0.331160
