Sd [m], Sa [g]
0.014908, 0.229875
0.025831, 0.265665
0.069414, 0.287343
0.129173, 0.132832
