Sd [m], Sa [g]
0.014015, 0.215014
0.021407, 0.254403
0.045197, 0.268767
0.106786, 0.127202
