Sd [m], Sa [g]
0.007109, 0.143231
0.029280, 0.180947
0.062054, 0.135312
0.093004, 0.090474
