Sd [m], Sa [g]
0.009680, 0.195070
0.021236, 0.249660
0.054061, 0.195728
0.089770, 0.124830
