Sd [m], Sa [g]
0.019850, 0.121754
0.040305, 0.140995
0.093461, 0.152192
0.181175, 0.070497
