Sd [m], Sa [g]
0.014979, 0.567551
0.035827, 0.709439
0.085988, 0.604823
0.343296, 0.482689
