Sd [m], Sa [g]
0.005599, 0.311565
0.020603, 0.396776
0.048576, 0.301975
0.089521, 0.198388
