Sd [m], Sa [g]
0.006925, 0.482507
0.020188, 0.610369
0.047928, 0.466049
0.102464, 0.305184
