Sd [m], Sa [g]
0.009195, 0.142543
0.023968, 0.183595
0.052908, 0.148706
0.086373, 0.091798
