Sd [m], Sa [g]
0.014485, 0.491128
0.034100, 0.613910
0.087021, 0.507542
0.346095, 0.386541
