Sd [m], Sa [g]
0.021892, 0.124013
0.034259, 0.146022
0.071121, 0.155017
0.127080, 0.073011
