Sd [m], Sa [g]
0.006404, 0.121035
0.025889, 0.154943
0.055138, 0.121386
0.088326, 0.077471
