Sd [m], Sa [g]
0.013908, 0.097244
0.048878, 0.128017
0.083207, 0.106526
0.121651, 0.064008
