Sd [m], Sa [g]
0.012220, 0.153876
0.041806, 0.198312
0.078496, 0.161842
0.123953, 0.099156
