Sd [m], Sa [g]
0.003105, 0.328619
0.009489, 0.410469
0.052941, 0.232940
0.080378, 0.205234
