Sd [m], Sa [g]
0.003752, 0.464582
0.013144, 0.580296
0.047520, 0.397052
0.099924, 0.290148
