Sd [m], Sa [g]
0.025392, 0.270198
0.043629, 0.317795
0.107209, 0.337748
0.230402, 0.158897
