Sd [m], Sa [g]
0.017970, 0.189243
0.048577, 0.219086
0.164368, 0.236553
0.408997, 0.116267
