Sd [m], Sa [g]
0.010225, 0.112384
0.040012, 0.146094
0.071712, 0.121051
0.107317, 0.073047
