Sd [m], Sa [g]
0.020691, 0.203268
0.047752, 0.254085
0.128768, 0.211121
0.429004, 0.127042
