Sd [m], Sa [g]
0.023556, 0.311724
0.050117, 0.394564
0.070672, 0.327293
0.107988, 0.197282
