Sd [m], Sa [g]
0.028616, 0.100564
0.101525, 0.117360
0.224300, 0.125705
0.556621, 0.058680
