Sd [m], Sa [g]
0.008776, 0.588970
0.020114, 0.736213
0.056430, 0.532635
0.240653, 0.368106
