Sd [m], Sa [g]
0.020054, 0.208289
0.034061, 0.244390
0.077769, 0.260361
0.171982, 0.122195
