Sd [m], Sa [g]
0.015109, 0.066826
0.051902, 0.088251
0.097601, 0.075916
0.148175, 0.044125
