Sd [m], Sa [g]
0.039636, 0.092920
0.058398, 0.107415
0.122324, 0.116150
0.152656, 0.060529
