Sd [m], Sa [g]
0.007873, 0.243933
0.019534, 0.309848
0.049666, 0.248969
0.096895, 0.154924
