Sd [m], Sa [g]
0.003551, 0.438911
0.012137, 0.547491
0.044295, 0.366575
0.095732, 0.273746
