Sd [m], Sa [g]
0.012134, 0.134254
0.023703, 0.152928
0.078469, 0.167817
0.134968, 0.076464
