Sd [m], Sa [g]
0.037127, 0.057566
0.091430, 0.067370
0.188708, 0.071957
0.329984, 0.033685
