Sd [m], Sa [g]
0.006768, 0.281442
0.014961, 0.316334
0.078810, 0.351802
0.151105, 0.158167
