Sd [m], Sa [g]
0.025882, 0.189970
0.058576, 0.237463
0.165066, 0.199601
0.554281, 0.118732
