Sd [m], Sa [g]
0.003088, 0.327621
0.009239, 0.408969
0.050231, 0.237755
0.082108, 0.204485
