Sd [m], Sa [g]
0.026618, 0.096159
0.050934, 0.111212
0.111951, 0.120199
0.219982, 0.055606
