Sd [m], Sa [g]
0.020869, 0.327957
0.041837, 0.379098
0.155575, 0.409946
0.407254, 0.229169
