Sd [m], Sa [g]
0.031898, 0.259967
0.053717, 0.305229
0.118542, 0.324959
0.225422, 0.152615
