Sd [m], Sa [g]
0.004500, 0.220511
0.017697, 0.277914
0.048629, 0.202530
0.081496, 0.138957
