Sd [m], Sa [g]
0.022319, 0.148187
0.062835, 0.190112
0.106792, 0.163145
0.167081, 0.095056
