Sd [m], Sa [g]
0.018830, 0.390566
0.030739, 0.462163
0.067593, 0.488207
0.178092, 0.231081
