Sd [m], Sa [g]
0.013765, 0.064191
0.053301, 0.085105
0.105514, 0.069456
0.159562, 0.042552
