Sd [m], Sa [g]
0.010548, 0.071429
0.044869, 0.091484
0.089502, 0.071022
0.129805, 0.045742
