Sd [m], Sa [g]
0.007373, 0.322563
0.015409, 0.368681
0.067425, 0.403203
0.145203, 0.184340
