Sd [m], Sa [g]
0.016854, 0.083885
0.037206, 0.096942
0.093841, 0.104856
0.173031, 0.048471
