Sd [m], Sa [g]
0.019693, 0.120081
0.041281, 0.139352
0.094761, 0.150101
0.183574, 0.069676
