Sd [m], Sa [g]
0.015744, 0.232038
0.037007, 0.290048
0.098777, 0.229878
0.331163, 0.145024
