Sd [m], Sa [g]
0.019135, 0.336755
0.032728, 0.396555
0.077637, 0.420944
0.191637, 0.198277
