Sd [m], Sa [g]
0.040002, 0.310136
0.089507, 0.359109
0.319013, 0.387669
0.762813, 0.240470
