Sd [m], Sa [g]
0.003135, 0.332332
0.009276, 0.413609
0.049797, 0.244120
0.083817, 0.206804
