Sd [m], Sa [g]
0.027644, 0.244409
0.059489, 0.282477
0.206000, 0.305512
0.535404, 0.162089
