Sd [m], Sa [g]
0.007540, 0.365553
0.013983, 0.414196
0.068014, 0.456942
0.133890, 0.207098
