Sd [m], Sa [g]
0.014672, 0.122717
0.032387, 0.158070
0.059652, 0.128030
0.088927, 0.079035
