Sd [m], Sa [g]
0.012400, 0.136848
0.028725, 0.175207
0.058813, 0.137751
0.089985, 0.087604
