Sd [m], Sa [g]
0.014748, 0.081037
0.041770, 0.106109
0.070377, 0.087545
0.096371, 0.053055
