Sd [m], Sa [g]
0.003291, 0.351841
0.010235, 0.439718
0.052231, 0.268386
0.090436, 0.219859
