Sd [m], Sa [g]
0.013636, 0.184537
0.025528, 0.210597
0.076587, 0.230671
0.138989, 0.105299
