Sd [m], Sa [g]
0.007191, 0.302568
0.015704, 0.343094
0.074571, 0.378210
0.148726, 0.171547
