Sd [m], Sa [g]
0.012688, 0.189867
0.025611, 0.242674
0.058428, 0.187316
0.093989, 0.121337
