Sd [m], Sa [g]
0.040617, 0.160906
0.091502, 0.185271
0.292919, 0.201132
0.715335, 0.101168
