Sd [m], Sa [g]
0.017771, 0.298662
0.041869, 0.373328
0.111006, 0.309836
0.444494, 0.193337
