Sd [m], Sa [g]
0.018591, 0.092784
0.036129, 0.106619
0.093238, 0.115980
0.160326, 0.053310
