Sd [m], Sa [g]
0.010719, 0.121009
0.025013, 0.139222
0.080892, 0.151261
0.144721, 0.069611
