Sd [m], Sa [g]
0.023801, 0.274302
0.055262, 0.349946
0.082184, 0.299913
0.132913, 0.174973
