Sd [m], Sa [g]
0.020274, 0.159605
0.029286, 0.188504
0.055444, 0.199506
0.111987, 0.094252
