Sd [m], Sa [g]
0.017949, 0.188822
0.048558, 0.218614
0.164336, 0.236028
0.409755, 0.115211
