Sd [m], Sa [g]
0.013694, 0.419863
0.032140, 0.524829
0.086087, 0.423096
0.348999, 0.285718
