Sd [m], Sa [g]
0.009416, 0.107588
0.032988, 0.137966
0.061695, 0.111782
0.089665, 0.068983
