Sd [m], Sa [g]
0.030671, 0.309155
0.051380, 0.364190
0.105691, 0.386444
0.195027, 0.182095
