Sd [m], Sa [g]
0.014169, 0.287307
0.023487, 0.338954
0.050551, 0.359133
0.127861, 0.169477
