Sd [m], Sa [g]
0.038331, 0.376379
0.093215, 0.436110
0.330169, 0.470473
0.766198, 0.303360
