Sd [m], Sa [g]
0.014586, 0.174182
0.028096, 0.224771
0.060621, 0.178070
0.093718, 0.112386
