Sd [m], Sa [g]
0.004667, 0.242556
0.016720, 0.311919
0.045533, 0.246811
0.088994, 0.155960
