Sd [m], Sa [g]
0.016950, 0.151012
0.050723, 0.193583
0.088286, 0.164257
0.143099, 0.096792
