Sd [m], Sa [g]
0.023207, 0.208574
0.031846, 0.248154
0.056289, 0.260718
0.111238, 0.124077
